{"cameraMode":{"drawMode":0,"name":"Shaded","section":"Shading Mode"},"sceneLighting":false,"audioPlay":false,"sceneViewState":{"showFog":true,"showMaterialUpdate":false,"showSkybox":false,"showFlares":true,"showImageEffects":true,"showParticleSystems":true},"in2DMode":false,"pivot":{"x":1.000304937362671,"y":10.052838325500489,"z":-3.999945878982544},"rotation":{"x":0.20577546954154969,"y":0.6113452315330505,"z":-0.16879867017269135,"w":0.7452656030654907},"size":0.27817314863204958,"orthographic":true}